{"w": 843, "h": 445, "y_mid": 254.45371646074608, "x0": 80.0, "x1": 757.6963927687805, "n": 398, "discs": [[80.0, 290.0, 19.0], [81.0, 283.4142135623731, 18.973665961010276], [82.0, 276.8284271247462, 18.973665961010276], [83.0, 270.24264068711926, 19.6468827043885], [84.94974746830583, 264.0502525316942, 20.396078054371138], [88.0, 259.4852813742386, 22.20360331117452], [92.0, 254.72792206135784, 25.298221281347036], [94.60660171779823, 249.3933982822018, 26.92582403567252], [100.72792206135787, 247.27207793864213, 24.698178070456937], [107.14213562373097, 245.85786437626902, 21.18962010041709], [113.37258300203051, 244.0, 18.027756377319946], [119.54415587728433, 242.0, 17.08800749063506], [125.79898987322336, 240.20101012677665, 18.35755975068582], [131.0, 237.11269837220806, 19.1049731745428], [135.33452377915611, 233.66547622084389, 19.209372712298546], [140.0, 229.76955262170043, 19.1049731745428], [143.23044737829957, 226.0, 19.1049731745428], [147.0, 222.76955262170043, 19.1049731745428], [150.23044737829957, 219.0, 19.1049731745428], [154.0, 215.76955262170043, 19.1049731745428], [157.98780669118025, 211.0, 19.1049731745428], [161.0, 207.01219330881975, 19.1049731745428], [165.0, 202.84062043356596, 18.867962264113206], [168.23401871576772, 197.76598128423228, 19.1049731745428], [172.47665940288695, 192.52334059711305, 19.209372712298546], [176.01219330881966, 186.98780669118034, 19.209372712298546], [179.77460325558366, 182.0, 19.209372712298546], [182.0, 177.22539674441634, 18.788294228055936], [185.0, 173.22539674441634, 19.235384061671343], [187.96194077712545, 168.03805922287455, 19.235384061671343], [191.0, 162.29646455628188, 19.235384061671343], [194.0, 157.1248916810281, 19.235384061671343], [196.0, 152.1248916810281, 18.973665961010276], [199.0, 146.9533188057743, 18.973665961010276], [201.0, 140.78174593052051, 19.235384061671343], [202.86143571373705, 135.13856428626295, 18.973665961010276], [204.0, 128.61017305526673, 18.24828759089466], [205.0, 122.02438661763983, 18.0], [206.0, 115.43860018001294, 18.0], [205.0, 108.85281374238605, 17.26267650163207], [204.0, 102.26702730475915, 17.72004514666935], [202.06749647439753, 96.06749647439754, 18.35755975068582], [199.23906934965137, 90.23906934965137, 19.209372712298546], [195.11774900609174, 86.11774900609174, 19.209372712298546], [188.9949493661171, 84.0, 17.88854381999832], [182.82337649086332, 82.0, 18.110770276274835], [175.8751083189725, 82.1248916810275, 18.027756377319946], [169.65180361560954, 84.0, 17.46424919657298], [163.06601717798264, 85.0, 19.235384061671343], [158.21825406948017, 88.78174593051985, 19.209372712298546], [152.9655121145944, 93.0, 19.1049731745428], [149.0, 96.03448788540561, 18.601075237738275], [146.0, 100.6202743230325, 19.1049731745428], [142.85429303880127, 105.14570696119871, 18.867962264113206], [139.0, 110.54920651116697, 18.867962264113206], [135.69343417595235, 116.0, 18.867962264113206], [133.0, 120.30656582404765, 18.788294228055936], [130.0, 126.06392513692833, 18.788294228055936], [127.83347775863007, 132.16652224136993, 18.788294228055936], [125.0, 137.4070708874359, 19.235384061671343], [123.0, 142.4070708874359, 19.313207915827967], [120.0, 148.1644302003166, 18.973665961010276], [117.76240994676465, 154.23759005323535, 19.235384061671343], [115.0, 160.09336238845106, 18.788294228055936], [113.0, 166.26493526370484, 18.973665961010276], [110.69134213489923, 172.30865786510077, 19.235384061671343], [108.0, 178.1938674518393, 18.681541692269406], [106.0, 184.3654403270931, 18.788294228055936], [104.0, 189.3654403270931, 18.681541692269406], [102.74159466659344, 195.25840533340656, 18.973665961010276], [100.62027432303381, 201.3797256769662, 18.973665961010276], [99.0, 207.70858607760067, 18.973665961010276], [97.0, 213.88015895285446, 18.973665961010276], [96.0, 220.46594539048135, 18.439088914585774], [95.67052685472802, 227.32947314527198, 18.027756377319946], [94.96342007354149, 234.03657992645853, 20.615528128088304], [94.0, 240.63751826573514, 24.041630560342615], [93.15790027001815, 247.15790027001813, 24.515301344262525], [80.0, 290.0, 19.0], [80.0, 297.0, 19.0], [80.0, 304.0, 19.0], [81.0, 310.5857864376269, 18.0], [81.0, 317.5857864376269, 18.681541692269406], [82.12132034355965, 324.12132034355966, 18.973665961010276], [84.0, 330.34314575050763, 18.681541692269406], [86.36396103067894, 336.3639610306789, 19.235384061671343], [89.0, 341.68629150101526, 18.867962264113206], [93.0, 346.443650813896, 18.601075237738275], [96.02943725152288, 351.0, 18.601075237738275], [101.2010101267767, 354.0, 19.209372712298546], [105.84924240491752, 356.8492424049175, 19.235384061671343], [111.95836943965742, 359.0, 18.35755975068582], [118.12994231491123, 361.0, 18.24828759089466], [124.71572875253814, 362.0, 17.72004514666935], [131.30151519016505, 363.0, 18.0], [138.30151519016505, 363.0, 18.0], [144.88730162779194, 362.0, 17.46424919657298], [151.47308806541884, 361.0, 17.72004514666935], [158.0416305603426, 359.95836943965736, 18.681541692269406], [164.0, 357.7695526217005, 19.235384061671343], [168.8162338159264, 355.0, 19.209372712298546], [173.4020202535533, 352.0, 18.35755975068582], [178.5735931288071, 349.0, 18.867962264113206], [182.5735931288071, 346.0, 18.601075237738275], [186.0, 342.4264068711929, 19.1049731745428], [189.5735931288071, 339.0, 19.1049731745428], [193.94112549695421, 334.0588745030458, 19.1049731745428], [197.06244584051385, 328.9375541594862, 19.209372712298546], [200.0, 324.32590180780466, 18.867962264113206], [203.0, 318.568542494924, 19.235384061671343], [206.13351365237926, 312.86648634762076, 19.235384061671343], [208.0, 306.6396103067895, 18.35755975068582], [209.0, 300.0538238691626, 17.11724276862369], [210.0, 293.4680374315357, 18.110770276274835], [211.0, 286.8822509939088, 20.615528128088304], [214.0, 282.29646455628193, 25.553864678361276], [219.32590180780429, 285.3259018078043, 23.323807579381203], [226.04668119422564, 286.0, 19.6468827043885], [233.04668119422564, 286.0, 19.0], [239.7401153701774, 285.25988462982264, 18.0], [246.63246763185253, 285.0, 18.027756377319946], [253.63246763185253, 285.0, 19.235384061671343], [260.63246763185253, 285.0, 18.027756377319946], [267.63246763185253, 285.0, 18.973665961010276], [274.2182540694794, 284.0, 22.47220505424423], [280.8040405071063, 283.0, 25.495097567963924], [287.3898269447332, 282.0, 26.076809620810597], [293.9756133823601, 281.0, 24.041630560342615], [299.2253967444159, 285.2253967444159, 19.1049731745428], [305.9045455704946, 286.0, 18.439088914585774], [312.9045455704946, 286.0, 18.681541692269406], [319.63961030678894, 286.63961030678894, 18.681541692269406], [326.49033200812147, 287.0, 18.0], [332.66190488337526, 287.0, 18.0], [339.46803743153515, 286.53196256846485, 18.24828759089466], [346.24769132100215, 286.0, 18.439088914585774], [352.58935777509475, 284.41064222490525, 18.384776310850235], [358.00505063388283, 282.0, 17.72004514666935], [364.0, 280.4091629284903, 18.35755975068582], [369.12489168102746, 277.87510831897254, 19.209372712298546], [374.6604255869602, 274.3395744130398, 19.209372712298546], [379.0, 270.308657865102, 19.1049731745428], [383.0, 264.96551211459445, 19.209372712298546], [385.0, 259.37972567696755, 17.88854381999832], [386.8528137423852, 253.14718625761478, 17.46424919657298], [388.0, 246.62236636408687, 18.0], [387.02586591405515, 240.02586591405515, 17.0], [386.0, 233.45079348883309, 17.46424919657298], [384.197438789309, 227.197438789309, 19.1049731745428], [379.6619048833763, 222.66190488337628, 19.1049731745428], [374.35028842544483, 220.0, 18.384776310850235], [367.76450198781794, 219.0, 17.46424919657298], [361.1787155501911, 218.0, 18.0], [355.00505063388397, 217.994949366116, 18.0], [348.2979438526975, 218.70205614730256, 17.46424919657298], [341.8355697996835, 220.0, 18.384776310850235], [335.66399692442974, 222.0, 18.788294228055936], [330.0, 224.50757595082405, 18.867962264113206], 