{"w": 843, "h": 445, "y_mid": 253.74534161490683, "x0": 80.0, "x1": 762.0, "n": 322, "discs": [[550.0, 81.0, 18.110770276274835], [557.0, 81.0, 18.0], [176.0, 82.0, 18.027756377319946], [183.0, 82.0, 18.110770276274835], [541.0, 83.0, 18.788294228055936], [564.0, 83.0, 17.46424919657298], [166.0, 84.0, 19.235384061671343], [190.0, 84.0, 18.35755975068582], [571.0, 85.0, 19.72308292331602], [197.0, 87.0, 19.1049731745428], [534.0, 87.0, 19.209372712298546], [159.0, 88.0, 19.4164878389476], [576.0, 91.0, 19.209372712298546], [528.0, 92.0, 19.1049731745428], [152.0, 93.0, 19.1049731745428], [201.0, 93.0, 19.209372712298546], [523.0, 97.0, 19.1049731745428], [579.0, 98.0, 18.384776310850235], [147.0, 99.0, 19.1049731745428], [203.0, 100.0, 17.46424919657298], [519.0, 103.0, 19.4164878389476], [143.0, 105.0, 18.867962264113206], [580.0, 105.0, 17.26267650163207], [205.0, 107.0, 17.72004514666935], [514.0, 109.0, 18.867962264113206], [139.0, 111.0, 18.867962264113206], [581.0, 112.0, 18.0], [206.0, 114.0, 18.0], [510.0, 116.0, 19.209372712298546], [135.0, 117.0, 19.209372712298546], [581.0, 119.0, 18.110770276274835], [205.0, 121.0, 18.0], [506.0, 123.0, 19.235384061671343], [131.0, 124.0, 18.788294228055936], [580.0, 126.0, 18.681541692269406], [204.0, 128.0, 18.027756377319946], [503.0, 130.0, 19.235384061671343], [128.0, 131.0, 19.235384061671343], [578.0, 133.0, 18.681541692269406], [203.0, 135.0, 18.973665961010276], [499.0, 137.0, 19.235384061671343], [125.0, 138.0, 19.235384061671343], [576.0, 140.0, 18.973665961010276], [200.0, 142.0, 18.681541692269406], [496.0, 144.0, 19.235384061671343], [122.0, 145.0, 19.235384061671343], [573.0, 147.0, 18.788294228055936], [198.0, 149.0, 19.235384061671343], [493.0, 151.0, 19.235384061671343], [119.0, 152.0, 19.235384061671343], [570.0, 154.0, 19.235384061671343], [194.0, 156.0, 18.788294228055936], [490.0, 158.0, 19.235384061671343], [116.0, 159.0, 19.235384061671343], [566.0, 161.0, 19.209372712298546], [191.0, 163.0, 19.4164878389476], [487.0, 165.0, 19.235384061671343], [113.0, 166.0, 18.973665961010276], [562.0, 168.0, 18.867962264113206], [187.0, 169.0, 18.867962264113206], [484.0, 172.0, 19.313207915827967], [110.0, 173.0, 18.681541692269406], [183.0, 175.0, 18.601075237738275], [558.0, 175.0, 19.209372712298546], [481.0, 179.0, 18.973665961010276], [108.0, 180.0, 19.313207915827967], [554.0, 181.0, 18.867962264113206], [179.0, 182.0, 18.867962264113206], [478.0, 186.0, 18.681541692269406], [105.0, 187.0, 18.973665961010276], [550.0, 187.0, 18.867962264113206], [175.0, 188.0, 18.867962264113206], [476.0, 193.0, 19.235384061671343], [546.0, 193.0, 19.1049731745428], [103.0, 194.0, 19.313207915827967], [171.0, 194.0, 19.1049731745428], [542.0, 199.0, 19.209372712298546], [167.0, 200.0, 19.1049731745428], [474.0, 200.0, 19.313207915827967], [101.0, 201.0, 18.973665961010276], [537.0, 205.0, 19.1049731745428], [162.0, 206.0, 19.209372712298546], [472.0, 207.0, 19.313207915827967], [99.0, 208.0, 18.973665961010276], [157.0, 211.0, 19.1049731745428], [532.0, 211.0, 19.209372712298546], [470.0, 214.0, 19.235384061671343], [97.0, 215.0, 18.681541692269406], [527.0, 216.0, 19.1049731745428], [152.0, 217.0, 19.1049731745428], [356.0, 217.0, 19.0], [349.0, 218.0, 18.24828759089466], [363.0, 218.0, 18.0], [370.0, 219.0, 18.027756377319946], [339.0, 220.0, 19.6468827043885], [377.0, 221.0, 18.867962264113206], [469.0, 221.0, 18.24828759089466], [522.0, 221.0, 19.1049731745428], [96.0, 222.0, 18.110770276274835], [147.0, 222.0, 19.1049731745428], [670.0, 222.0, 18.027756377319946], [677.0, 223.0, 17.46424919657298], [330.0, 224.0, 18.867962264113206], [662.0, 224.0, 18.35755975068582], [684.0, 224.0, 18.788294228055936], [383.0, 225.0, 19.4164878389476], [517.0, 226.0, 19.1049731745428], [142.0, 227.0, 19.1049731745428], [468.0, 228.0, 19.026297590440446], [656.0, 228.0, 19.209372712298546], [691.0, 228.0, 19.209372712298546], [95.0, 229.0, 19.235384061671343], [323.0, 229.0, 18.867962264113206], [512.0, 231.0, 19.209372712298546], [137.0, 232.0, 19.209372712298546], [386.0, 232.0, 17.88854381999832], [696.0, 233.0, 19.1049731745428], [318.0, 234.0, 19.1049731745428], [467.0, 235.0, 21.540659228538015], [654.0, 235.0, 17.46424919657298], [94.0, 236.0, 22.360679774997898], [506.0, 236.0, 19.1049731745428], [131.0, 237.0, 19.1049731745428], [313.0, 239.0, 19.209372712298546], [387.0, 239.0, 17.029386365926403], [700.0, 240.0, 18.788294228055936], [123.0, 241.0, 17.4928556845359], [499.0, 241.0, 18.439088914585774], [467.0, 242.0, 24.331050121192877], [652.0, 242.0, 18.0], [94.0, 243.0, 24.515301344262525], [116.0, 243.0, 17.11724276862369], [492.0, 243.0, 16.76305461424021], [108.0, 245.0, 19.924858845171276], [308.0, 245.0, 19.209372712298546], [484.0, 245.0, 18.24828759089466], [388.0, 246.0, 18.0], [101.0, 247.0, 24.698178070456937], [476.0, 247.0, 22.825424421026653], [703.0, 247.0, 18.681541692269406], [467.0, 249.0, 25.709920264364882], [653.0, 249.0, 18.027756377319946], [94.0, 250.0, 26.1725046566048], [303.0, 251.0, 19.209372712298546], [387.0, 253.0, 17.46424919657298], [704.0, 254.0, 17.72004514666935], [90.0, 256.0, 23.53720459187964], [463.0, 256.0, 23.345235059857504], [655.0, 256.0, 18.788294228055936], [301.0, 258.0, 17.46424919657298], [385.0, 260.0, 18.35755975068582], [705.0, 261.0, 18.0], [86.0, 262.0, 20.8806130178211], [459.0, 262.0, 20.615528128088304], [658.0, 263.0, 19.1049731745428], [208.0, 264.0, 30.805843601498726], [299.0, 265.0, 17.11724276862369], [382.0, 267.0, 19.1049731745428], [663.0, 268.0, 19.1049731745428], [706.0, 268.0, 19.6468827043885], [83.0, 269.0, 19.4164878389476], [457.0, 269.0, 20.024984394500787], [212.0, 270.0, 27.16615541441225], [298.0, 272.0, 18.681541692269406], [377.0, 272.0, 19.1049731745428], [668.0, 273.0, 19.209372712298546], [706.0, 275.0, 19.235384061671343], [82.0, 276.0, 19.313207915827967], [456.0, 276.0, 18.973665961010276], [215.0, 277.0, 26.0], [370.0, 277.0, 18.867962264113206], [674.0, 277.0, 18.439088914585774], [609.0, 278.0, 18.788294228055936], [295.0, 279.0, 24.186773244895647], [681.0, 279.0, 16.76305461424021], [362.0, 281.0, 18.35755975068582], [688.0, 281.0, 18.027756377319946], [285.0, 282.0, 25.632011235952593], [603.0, 282.0, 19.1049731745428], [705.0, 282.0, 20.09975124224178], [81.0, 283.0, 18.973665961010276], [455.0, 283.0, 19.0], [695.0, 283.0, 21.540659228538015], [212.0, 284.0, 22.825424421026653], [271.0, 284.0, 21.02379604162864], [278.0, 284.0, 24.839484696748443], [353.0, 284.0, 18.384776310850235], [219.0, 285.0, 23.323807579381203], [240.0, 285.0, 18.0], [247.0, 285.0, 18.027756377319946], [254.0, 285.0, 19.235384061671343], [261.0, 285.0, 18.027756377319946], [299.0, 285.0, 19.1049731745428], [226.0, 286.0, 19.6468827043885], [233.0, 286.0, 19.0], [306.0, 286.0, 18.439088914585774], [313.0, 286.0, 18.681541692269406], [340.0, 286.0, 17.46424919657298], [320.0, 287.0, 18.681541692269406], [327.0, 287.0, 18.0], [599.0, 288.0, 19.235384061671343], [701.0, 288.0, 25.298221281347036], [80.0, 290.0, 19.0], [455.0, 290.0, 19.0], [211.0, 291.0, 19.4164878389476], [281.0, 291.0, 22.47220505424423], [762.0, 293.0, 18.788294228055936], [595.0, 294.0, 20.8806130178211], [700.0, 295.0, 23.769728648009426], [750.0, 296.0, 17.26267650163207], [80.0, 297.0, 19.0], [454.0, 297.0, 20.0], [209.0, 298.0, 17.0], [281.0, 298.0, 19.6468827043885], [736.0, 298.0, 18.0], [743.0, 298.0, 18.0], [706.0, 299.0, 20.615528128088304], [713.0, 299.0, 19.026297590440446], [720.0, 299.0, 19.4164878389476], [727.0, 299.0, 19.0], [591.0, 301.0, 20.615528128088304], [696.0, 301.0, 18.24828759089466], [80.0, 304.0, 19.0], [454.0, 304.0, 20.0], [208.0, 305.0, 17.46424919657298], [281.0, 305.0, 19.0], [589.0, 308.0, 20.591260281974], [695.0, 308.0, 17.46424919657298], [81.0, 311.0, 18.0], [453.0, 311.0, 21.0], [207.0, 312.0, 19.235384061671343], [282.0, 312.0, 19.0], [588.0, 315.0, 19.235384061671343], [693.0, 315.0, 18.35755975068582], [81.0, 318.0, 